{"AB":{"STATE_NAME":"Alberta","LATITUDE":54.0109356726,"LONGITUDE":-113.9908040921},"AK":{"STATE_NAME":"Alaska","LATITUDE":60.803530855,"LONGITUDE":-149.8164296408},"AL":{"STATE_NAME":"Alabama","LATITUDE":32.7201515152,"LONGITUDE":-86.6282449495},"AR":{"STATE_NAME":"Arkansas","LATITUDE":35.28270115,"LONGITUDE":-92.4765134097},"AZ":{"STATE_NAME":"Arizona","LATITUDE":34.2322134037,"LONGITUDE":-111.8980555554},"BC":{"STATE_NAME":"British Columbia","LATITUDE":51.1719823227,"LONGITUDE":-125.0281691916},"CA":{"STATE_NAME":"California","LATITUDE":36.1819867459,"LONGITUDE":-119.6367935697},"CO":{"STATE_NAME":"Colorado","LATITUDE":39.043457447,"LONGITUDE":-105.9278664309},"CT":{"STATE_NAME":"Connecticut","LATITUDE":41.5672407413,"LONGITUDE":-72.7217962947},"DC":{"STATE_NAME":"District of Columbia","LATITUDE":38.87333333,"LONGITUDE":-77.02333333},"DE":{"STATE_NAME":"Delaware","LATITUDE":39.1591203683,"LONGITUDE":-75.479814815},"FL":{"STATE_NAME":"Florida","LATITUDE":28.1536481483,"LONGITUDE":-82.1833055553},"GA":{"STATE_NAME":"Georgia","LATITUDE":32.8917212307,"LONGITUDE":-83.6605357139},"HI":{"STATE_NAME":"Hawaii","LATITUDE":20.9750362326,"LONGITUDE":-157.2806038661},"IA":{"STATE_NAME":"Iowa","LATITUDE":41.9954656862,"LONGITUDE":-93.1659068624},"ID":{"STATE_NAME":"Idaho","LATITUDE":44.0135931894,"LONGITUDE":-113.8412096777},"IL":{"STATE_NAME":"Illinois","LATITUDE":40.4091666674,"LONGITUDE":-88.8634457676},"IN":{"STATE_NAME":"Indiana","LATITUDE":40.3237962961,"LONGITUDE":-86.1784876536},"KS":{"STATE_NAME":"Kansas","LATITUDE":38.3553229977,"LONGITUDE":-97.2683074937},"KY":{"STATE_NAME":"Kentucky","LATITUDE":37.5654687497,"LONGITUDE":-85.8207638884},"LA":{"STATE_NAME":"Louisiana","LATITUDE":30.9677333328,"LONGITUDE":-91.9019666672},"MA":{"STATE_NAME":"Massachusetts","LATITUDE":42.1994315247,"LONGITUDE":-71.4063630493},"MB":{"STATE_NAME":"Manitoba","LATITUDE":54.3981597219,"LONGITUDE":-98.2204513888},"MD":{"STATE_NAME":"Maryland","LATITUDE":39.0171990746,"LONGITUDE":-76.926238425},"ME":{"STATE_NAME":"Maine","LATITUDE":44.7985057476,"LONGITUDE":-69.4380268203},"MI":{"STATE_NAME":"Michigan","LATITUDE":44.252627119,"LONGITUDE":-85.2714971754},"MN":{"STATE_NAME":"Minnesota","LATITUDE":45.9318736382,"LONGITUDE":-94.1296623094},"MO":{"STATE_NAME":"Missouri","LATITUDE":38.1128978978,"LONGITUDE":-92.4224549549},"MS":{"STATE_NAME":"Mississippi","LATITUDE":32.703359375,"LONGITUDE":-89.5174652772},"MT":{"STATE_NAME":"Montana","LATITUDE":46.9469883039,"LONGITUDE":-110.2300804092},"NB":{"STATE_NAME":"New Brunswick","LATITUDE":46.5387847212,"LONGITUDE":-66.222256945},"NC":{"STATE_NAME":"North Carolina","LATITUDE":35.4498535355,"LONGITUDE":-78.9792525253},"ND":{"STATE_NAME":"North Dakota","LATITUDE":47.332611111,"LONGITUDE":-99.9311111115},"NE":{"STATE_NAME":"Nebraska","LATITUDE":41.223925926,"LONGITUDE":-99.31700926},"NH":{"STATE_NAME":"New Hampshire","LATITUDE":43.5569230777,"LONGITUDE":-71.4932905985},"NJ":{"STATE_NAME":"New Jersey","LATITUDE":40.1892528738,"LONGITUDE":-74.4983045979},"NL":{"STATE_NAME":"Newfoundland and Labrador","LATITUDE":51.9245299146,"LONGITUDE":-58.5731410254},"NM":{"STATE_NAME":"New Mexico","LATITUDE":34.4130107523,"LONGITUDE":-105.8982168458},"NS":{"STATE_NAME":"Nova Scotia","LATITUDE":45.10211111,"LONGITUDE":-63.186444444},"NT":{"STATE_NAME":"Northwest Territories","LATITUDE":65.0069017096,"LONGITUDE":-118.7523931619},"NU":{"STATE_NAME":"Nunavut Territory","LATITUDE":68.5103385412,"LONGITUDE":-88.13564236},"NV":{"STATE_NAME":"Nevada","LATITUDE":38.3455902784,"LONGITUDE":-116.6864409709},"NY":{"STATE_NAME":"New York","LATITUDE":42.3245624044,"LONGITUDE":-74.9568835615},"OH":{"STATE_NAME":"Ohio","LATITUDE":40.621530132,"LONGITUDE":-82.865673258},"OK":{"STATE_NAME":"Oklahoma","LATITUDE":35.4184895831,"LONGITUDE":-97.3355729166},"ON":{"STATE_NAME":"Ontario","LATITUDE":47.5439469321,"LONGITUDE":-83.6797056387},"OR":{"STATE_NAME":"Oregon","LATITUDE":44.0571612454,"LONGITUDE":-121.9370054207},"PA":{"STATE_NAME":"Pennsylvania","LATITUDE":40.5831841567,"LONGITUDE":-77.347237655},"PE":{"STATE_NAME":"Prince Edward Island","LATITUDE":46.364861115,"LONGITUDE":-63.474444445},"PR":{"STATE_NAME":"Puerto Rico","LATITUDE":18.2936904764,"LONGITUDE":-66.0920238086},"QC":{"STATE_NAME":"Quebec","LATITUDE":50.1217193483,"LONGITUDE":-69.9667863988},"RI":{"STATE_NAME":"Rhode Island","LATITUDE":41.5557142843,"LONGITUDE":-71.4872619057},"SC":{"STATE_NAME":"South Carolina","LATITUDE":33.9552777774,"LONGITUDE":-80.7451315787},"SD":{"STATE_NAME":"South Dakota","LATITUDE":44.0839619889,"LONGITUDE":-99.8702192974},"SK":{"STATE_NAME":"Saskatchewan","LATITUDE":55.1414484121,"LONGITUDE":-106.1308333329},"TN":{"STATE_NAME":"Tennessee","LATITUDE":35.7964791665,"LONGITUDE":-86.3812777782},"TT":{"STATE_NAME":"U.S. Pacific Trust Territories and Possessions","LATITUDE":7.0822649577,"LONGITUDE":0.8827136746},"TX":{"STATE_NAME":"Texas","LATITUDE":31.0837343634,"LONGITUDE":-98.2830555556},"UT":{"STATE_NAME":"Utah","LATITUDE":39.2729600697,"LONGITUDE":-111.5977777784},"VA":{"STATE_NAME":"Virginia","LATITUDE":37.7284583337,"LONGITUDE":-78.0693472227},"VI":{"STATE_NAME":"U.S. Virgin Islands","LATITUDE":18.091944444,"LONGITUDE":-64.834277776},"VT":{"STATE_NAME":"Vermont","LATITUDE":44.0025925925,"LONGITUDE":-72.6746064817},"WA":{"STATE_NAME":"Washington","LATITUDE":47.7092791847,"LONGITUDE":-121.549374121},"WI":{"STATE_NAME":"Wisconsin","LATITUDE":44.3718253969,"LONGITUDE":-89.5752579371},"WV":{"STATE_NAME":"West Virginia","LATITUDE":38.6845634907,"LONGITUDE":-80.6845039686},"WY":{"STATE_NAME":"Wyoming","LATITUDE":42.8840038314,"LONGITUDE":-107.592768199},"YT":{"STATE_NAME":"Yukon Territory","LATITUDE":62.386083333,"LONGITUDE":-136.796388889}}